"id","priority","phase","area","title","description","acceptance_criteria","test_mcp","required_skills","required_mcp","review_initial_requirements","review_regression_requirements","dev_state","review_initial_state","review_regression_state","git_state","owner","refs","notes"
"SPRINT-01","P0","1","backend","Implement v2 fallback-safe gated proposal kernel","Replace the three-dial adaptive mapping in TextSideProposalBuilder with the single evidence-gated mixture anchored to the core learnable proposal softmax(p1); pseudo-item mass stays exactly the core value and u never modifies it. Legacy v1 path stays selectable for ablation arms.","WHEN kernel_version=v2 is configured THEN proposal equals p_core(pseudo)*e_pseudo + (1-p_core(pseudo))*[(1-g)*renorm(p_core)+g*c_h] with g=g_max*clamp(u_tilde,0,1) and no new learnable modules beyond core p1; WHEN is_disliked_item is false THEN proposal reduces to (1-g)*p_core+g*c_h; WHEN ablation modes run under v2 THEN global_p forces g==0 and text_anchor_only forces g==g_max and u_shuffle permutes u_tilde across batch users; WHEN kernel_version=v1 THEN legacy behavior is unchanged and existing text-side tests still pass; ref: docs/superpowers/specs/2026-07-02-aaai27-fallback-safe-kernel-sprint-design.md:43","CONTRACT","test-driven-development","","Check gradients flow to p1 through both mixture branches and the pseudo-item coordinate is taken from p_core, never from u.","Verify spec section 1.2 decisions 1, 3, and 4 are implemented in the v2 kernel path; verify c_h down-weights zero-text items via completeness; verify no temperature or popularity_mix or pseudo_mass coupling to u remains in the v2 path; decision 2 null-calibration wiring is owned by SPRINT-02.","已完成","已完成","已完成","已提交","","docs/superpowers/specs/2026-07-02-aaai27-fallback-safe-kernel-sprint-design.md:43; docs/superpowers/specs/2026-07-02-aaai27-fallback-safe-kernel-sprint-design.md:59; model/text_side.py:115; model/text_side.py:375; model/text_side.py:501; tests/test_text_side_proposal.py:24","source_doc:docs/superpowers/specs/2026-07-02-aaai27-fallback-safe-kernel-sprint-design.md; decision:pseudo-mass-frozen-to-core; risk:medium v1 ablation arms must stay runnable; picked_reason:P0 first executable row and prerequisite for all later v2 gates; boundary_fix:decision2-null-calibration-owned-by-SPRINT-02; evidence:python -m unittest tests.test_text_side_proposal tests.test_proposal_wiring tests.test_repo_repro_contract => 23 tests OK; evidence:python -m unittest tests.test_text_side_proposal tests.test_build_agreement_null_curves tests.test_proposal_wiring tests.test_repo_repro_contract tests.test_build_text_side_embeddings_script => 26 tests OK"
"SPRINT-02","P0","1","backend","Build length-matched agreement null calibration","Add an offline builder for per-dataset agreement null curves mu_null(L) and sigma_null(L) from frozen text banks, and wire u_tilde=(A_h-mu_null(L))/(k*sigma_null(L)) into v2 context encoding.","WHEN scripts/build_agreement_null_curves.py runs on a dataset directory THEN it writes a null-curve artifact keyed by history-length bins with fixed seed and records the bank hash into protocol metadata; WHEN the same inputs are rebuilt THEN the artifact is byte-stable; WHEN encode_history_context runs under v2 THEN u_tilde uses the length-matched null lookup and a random pseudo-history scores u_tilde near 0; ref: docs/superpowers/specs/2026-07-02-aaai27-fallback-safe-kernel-sprint-design.md:59","CONTRACT","test-driven-development","","Check null curves are computed only from the frozen bank with no user interaction data and no target leakage.","Verify length bins cover observed history lengths for all four datasets; verify defaults match spec initial values k=2.0 g_max=0.5 tau0=0.2.","已完成","已完成","已完成","已提交","","docs/superpowers/specs/2026-07-02-aaai27-fallback-safe-kernel-sprint-design.md:59; scripts/build_agreement_null_curves.py:1; model/text_side.py:33; model/text_side.py:210; model/text_side.py:375; configs/config.yaml:83","source_doc:docs/superpowers/specs/2026-07-02-aaai27-fallback-safe-kernel-sprint-design.md; artifact:null_curves; history_only:true; picked_reason:required-to-close-calibrated-u_tilde-path-and-finish-spec-decision2; evidence:& 'E:/anaco/python.exe' -m unittest tests.test_text_side_proposal tests.test_build_agreement_null_curves tests.test_proposal_wiring tests.test_proposal_adaptive_graph tests.test_build_g0_equivalence_report tests.test_build_g0_smoke_training_report tests.test_build_gate0_utilde_report tests.test_launch_gate0_tmux tests.test_repo_repro_contract tests.test_build_text_side_embeddings_script => 34 tests OK; evidence:artifact protocol writes bank_hash and length_bins with byte-stable json on toy dataset; validation_limited:real four-dataset artifact coverage not yet executed because local dataset dirs do not contain the production text_bank.csv/sentence_t5_xl_item_emb.pt bank pair for Steam-ML1M-Beauty-ATG"
"SPRINT-03","P0","1","backend","Prove g==0 core equivalence before any remote launch","Add the equivalence suite showing the v2 kernel with g==0 reproduces core PreferGrow exactly; this is the hard gate that must pass before main-table retrains launch.","WHEN g==0 THEN forward corruption rows and score_entropy terms and reverse_prob_ratio outputs and sample_nonpreference distributions match the core AdaptiveWise graph within numerical tolerance given identical p1; WHEN a short smoke training run executes with v2 g==0 THEN its loss and metric curve matches a same-seed core run within noise and the comparison is archived under docs/reports/data; WHEN this suite fails THEN SPRINT-05 must not start; ref: docs/superpowers/specs/2026-07-02-aaai27-fallback-safe-kernel-sprint-design.md:70","CONTRACT","test-driven-development;verification-before-completion","","Check the comparison is numeric against the real core code path, not a mocked or re-derived formula.","Verify Prop 6 preconditions hold in code: pseudo mass from p_core, identical state space including the pseudo coordinate, proposal threading through all four kernel call sites at graph_lib.py:1323.","已完成","已完成","已完成","已提交","","docs/superpowers/specs/2026-07-02-aaai27-fallback-safe-kernel-sprint-design.md:70; graph_lib.py:1312; graph_lib.py:1325; losses.py:11; sampling.py:58; scripts/build_g0_equivalence_report.py:95; scripts/build_g0_smoke_training_report.py:232; docs/reports/data/g0_equivalence_report.csv:1; docs/reports/data/g0_smoke_training_curve.csv:1; tests/test_build_g0_equivalence_report.py:21; tests/test_build_g0_smoke_training_report.py:21","source_doc:docs/superpowers/specs/2026-07-02-aaai27-fallback-safe-kernel-sprint-design.md; gate:pre-launch; evidence:numeric_equivalence archived:docs/reports/data/g0_equivalence_report.csv; evidence:smoke_curve archived:docs/reports/data/g0_smoke_training_curve.csv; picked_reason:next-P0-gate-before-any-remote-run; fix:proposal-row-semantics-in-graph_lib; fix:proposal-optional-core-wiring-in-losses-sampling; evidence:& 'E:/anaco/python.exe' -m unittest tests.test_text_side_proposal tests.test_build_agreement_null_curves tests.test_proposal_wiring tests.test_proposal_adaptive_graph tests.test_build_g0_equivalence_report tests.test_build_g0_smoke_training_report tests.test_repo_repro_contract tests.test_build_text_side_embeddings_script => 31 tests OK"
"SPRINT-04","P0","1","infra","Run Gate 0 production-bank u_tilde diagnostics","On the remote production sentence-t5-xl banks compute null curves and real-user u_tilde distributions for Steam, ML1M, Beauty, ATG and issue the Gate 0 go or no-go verdict.","WHEN diagnostics run on production banks THEN per-dataset median and distribution of real-user u_tilde are written to docs/reports/data with a dated report; WHEN Gate 0 is evaluated THEN it passes only if abs(median u_tilde on ML1M) < 0.5 and median u_tilde on Steam and Beauty exceeds the ML1M median; WHEN the criterion fails THEN the report states the revised hypothesis and main-table retrains stay blocked; ref: docs/superpowers/specs/2026-07-02-aaai27-fallback-safe-kernel-sprint-design.md:94","MANUAL","verification-before-completion","","Check diagnostics use regenerated production banks, not local legacy embeddings.","Verify the verdict quotes the spec Gate 0 criterion and records the resulting decision to open or keep blocking SPRINT-05.","已完成","已完成","已完成","已提交","","docs/superpowers/specs/2026-07-02-aaai27-fallback-safe-kernel-sprint-design.md:94; model/text_side.py:448; scripts/build_gate0_utilde_report.py:27; scripts/launch_gate0_tmux.py:12; scripts/launch_beauty_text_side_tmux.py:12; scripts/sync_remote_recdemo_code.py:1; scripts/retry_gate0_when_l20_ready.py:1; tests/test_build_gate0_utilde_report.py:83; tests/test_launch_gate0_tmux.py:18; tests/test_launch_beauty_text_side_tmux.py:18; tests/test_sync_remote_recdemo_code.py:20; tests/test_retry_gate0_when_l20_ready.py:19; docs/reports/data/2026-07-02-gate0/gate0_u_tilde_report.md:1; docs/reports/data/2026-07-02-gate0/gate0_u_tilde_report.json:1; docs/reports/data/2026-07-02-gate0/gate0_u_tilde_summary.csv:1; docs/reports/data/2026-07-02-gate0/gate0_experiment_process_zh.md:1","source_doc:docs/superpowers/specs/2026-07-02-aaai27-fallback-safe-kernel-sprint-design.md; gate:GATE-0; deadline:2026-07-05; local_support:gate0-report-builder-and-remote-tmux-launcher-added; prep:beauty-only-v2-tmux-launcher-added; validation_limited:local dataset dirs do not contain production text-side bank artifacts (item_metadata/text_bank/sentence_t5_xl_item_emb/agreement_null_curves) needed for real Gate 0 readout; blocked:ssh l20 connection timed out before authentication; attempted:ssh-l20-pwd; attempted:ssh-l20-recDemo-ls; attempted:Test-NetConnection-172.18.0.40-port22-failed; attempted:tracert-172.18.0.40-5hops-all-timeout; evidence:& 'E:/anaco/python.exe' -m unittest tests.test_build_gate0_utilde_report tests.test_launch_gate0_tmux tests.test_build_g0_equivalence_report tests.test_build_g0_smoke_training_report tests.test_proposal_adaptive_graph tests.test_proposal_wiring tests.test_text_side_proposal tests.test_build_agreement_null_curves tests.test_repo_repro_contract tests.test_build_text_side_embeddings_script => 34 tests OK; evidence:& 'E:/anaco/python.exe' scripts/launch_gate0_tmux.py --print-only => remote tmux command generated; evidence:& 'E:/anaco/python.exe' -m unittest tests.test_launch_beauty_text_side_tmux => 2 tests OK; evidence:& 'E:/anaco/python.exe' scripts/launch_beauty_text_side_tmux.py --print-only --gpu-id 1 => remote tmux command generated; obs:remote-prod-datasets-live-under-/data/Zijian/goal/RecDemo/dataset/paper_raw_v1/{ML1M,Steam,Beauty,ATG}; obs:ssh-l20-recovered-briefly-hostname=ubuntu; obs:remote-RecDemo-head=e63193f-only-initial-spec-era-code; fix:gate0-and-beauty-launchers-now-default-to-paper_raw_v1-and-use-shell-free-ssh-argv-on-Windows; evidence:& 'E:/anaco/python.exe' -m unittest tests.test_launch_beauty_text_side_tmux tests.test_launch_gate0_tmux tests.test_build_gate0_utilde_report => 10 tests OK; evidence:& 'E:/anaco/python.exe' scripts/launch_gate0_tmux.py => tmux session gate0_utilde created before remote script-missing exit; blocked:remote-RecDemo-missing-current-scripts-build_gate0_utilde_report-and-related-v2-code; attempted:ssh-l20-direct-gate0-smoke-script-missing; blocked:ssh-l20-flapped-back-to-timeout-during-code-resync; prep:minimal-remote-code-sync-script-added-for-gate0-and-beauty-runtime-files; evidence:& 'E:/anaco/python.exe' -m unittest tests.test_sync_remote_recdemo_code tests.test_launch_beauty_text_side_tmux tests.test_launch_gate0_tmux tests.test_build_gate0_utilde_report => 16 tests OK; evidence:& 'E:/anaco/python.exe' scripts/sync_remote_recdemo_code.py --print-plan => sync-and-verify plan generated for 21 runtime files; prep:single-ssh tar-stream sync now reduces resync to one sync+verify session; prep:background local gate0 retry helper launched pid=32116 log=logs/gate0_retry_l20.log; evidence:& 'E:/anaco/python.exe' -m unittest tests.test_retry_gate0_when_l20_ready tests.test_sync_remote_recdemo_code tests.test_launch_beauty_text_side_tmux tests.test_launch_gate0_tmux tests.test_build_gate0_utilde_report => 20 tests OK; evidence:logs/gate0_retry_l20.log attempt1 sync failed due ssh timeout and helper remains active; evidence:background-helper attempt5 sync+launch succeeded at 2026-07-02 20:26 but tmux launch used relative script path and later session exited; evidence:ssh l20 ""hostname; git rev-parse --short HEAD"" => ubuntu / e63193f while runtime files now exist untracked on remote; evidence:ssh direct smoke gate0 --max-users 16 => verdict fail with median_u_tilde(ML1M)=0.8668, Steam=1.0899, Beauty=1.2232; fix:launch_gate0_tmux now uses absolute remote script path /data/Zijian/goal/RecDemo/scripts/build_gate0_utilde_report.py to avoid /home/zijian cwd drift; prep:background local gate0 retry helper restarted pid=5192 after launcher fix; evidence:logs/gate0_retry_l20.log attempt1 after restart failed due ssh timeout and helper remains active; blocked:ssh-l20-still-flaps-during-full-gate0-launch; evidence:logs/gate0_retry_l20.log attempt8 sync+launch succeeded at 2026-07-02 20:44 and full remote Gate0 artifacts were written by 2026-07-02 20:52; evidence:docs/reports/data/2026-07-02-gate0/gate0_u_tilde_report.md => fail with revised hypothesis and SPRINT-05 blocked; evidence:full medians ML1M=1.427543 Steam=0.107291 Beauty=0.798168 ATG=0.724168 on production sentence-t5-xl banks; decision:sprint05-stays-blocked; skills_used:mission-csv-execute; done_at:2026-07-02"
"FOLLOWUP-01","P0","1","infra","Diagnose Gate0 ML1M null-calibration failure on production banks","Using the same production sentence-t5-xl banks as Gate0, build a component-level diagnostic that explains why ML1M stayed far above the null point and formalizes the next-step path before any v2 main-table retrain is reopened.","WHEN the diagnostic runs on production banks THEN it writes a dated report under docs/reports/data summarizing per-dataset distributions of raw agreement, matched mu_null and sigma_null, history length, completeness, history_reliability, u_tilde, and g; WHEN ML1M is compared with Steam and Beauty THEN the report states whether the Gate0 fail is primarily explained by raw agreement residual above mu_null, null-curve spread, or another observed mismatch and cites the evidence; WHEN the report is finalized THEN it explicitly recommends either calibration repair first or frozen-claim downgrade before reopening SPRINT-05; ref: docs/superpowers/specs/2026-07-02-aaai27-fallback-safe-kernel-sprint-design.md:98","MANUAL","verification-before-completion","","Check the diagnostic reads the same production-bank artifacts as Gate0 and reports raw agreement alongside matched null stats, not only final u_tilde.","Verify the decision section cites the actual Gate0 fail artifacts and does not reopen SPRINT-05 without a repaired calibration or an explicit claim downgrade path.","已完成","已完成","已完成","已提交","","docs/superpowers/specs/2026-07-02-aaai27-fallback-safe-kernel-sprint-design.md:98; docs/superpowers/specs/2026-07-02-aaai27-fallback-safe-kernel-sprint-design.md:100; model/text_side.py:403; model/text_side.py:511; scripts/build_gate0_failure_diagnostic.py:1; tests/test_build_gate0_failure_diagnostic.py:1; scripts/sync_remote_recdemo_code.py:1; docs/reports/data/2026-07-02-gate0/gate0_u_tilde_report.md:1; docs/reports/data/2026-07-02-gate0/gate0_failure_diagnostic.md:1; docs/reports/data/2026-07-02-gate0/gate0_failure_diagnostic.json:1; docs/reports/data/2026-07-02-gate0/gate0_failure_component_summary.csv:1; docs/reports/data/2026-07-02-gate0/gate0_failure_diagnostic_zh.md:1; docs/reports/data/2026-07-02-gate0/gate0_experiment_process_zh.md:1","source_doc:docs/superpowers/specs/2026-07-02-aaai27-fallback-safe-kernel-sprint-design.md; blocked_by:SPRINT-04 fail; picked_reason:highest-value-unblocked-step-after-Gate0-fail-because-spec-requires-hypothesis-revision-before-retraining; continue_from:SPRINT-04; evidence:& 'E:/anaco/python.exe' -m unittest tests.test_build_gate0_failure_diagnostic tests.test_build_gate0_utilde_report tests.test_sync_remote_recdemo_code => 12 tests OK; evidence:ssh -o ConnectTimeout=10 l20 ""hostname; date '+%F %T %z'; ls -lah /data/Zijian/goal/RecDemo/docs/reports/data/2026-07-02-gate0"" => ubuntu and remote Gate0 artifacts visible with 21:52 Gate0 timestamps and 22:29 follow-up timestamps; evidence:docs/reports/data/2026-07-02-gate0/gate0_failure_diagnostic.md => primary_driver=null_curve_spread_or_scaling_mismatch and recommended_next_path=calibration_repair_first; evidence:docs/reports/data/2026-07-02-gate0/gate0_experiment_process_zh.md => detailed Chinese server-side process and operation log added; decision:sprint05-stays-blocked; skills_used:mission-csv-execute; done_at:2026-07-02; continue_now:FOLLOWUP-02"
"FOLLOWUP-02","P0","1","backend","Audit Gate0 null-curve spread/scaling repair path before retrains","Before any v2 main-table retrain is reopened, audit whether the Gate0 ML1M failure can be repaired by null-curve spread or scaling changes on the existing production-bank path, and formalize the main-path decision if no plausible global repair exists.","WHEN the calibration audit runs on the current Gate0 artifacts or regenerated null-curve candidates THEN it writes a dated report under docs/reports/data/2026-07-02-gate0 comparing candidate spread or k or floor repairs against the current ML1M/Steam/Beauty medians; WHEN the report is finalized THEN it states whether any single repair directionally satisfies abs(median_u_tilde(ML1M)) < 0.5 while preserving the Steam/Beauty ordering gates without reopening main-table retrains; WHEN no plausible repair is supported THEN it records that the stronger main-path claim should downgrade instead of reopening SPRINT-05; ref: docs/superpowers/specs/2026-07-02-aaai27-fallback-safe-kernel-sprint-design.md:98","MANUAL","verification-before-completion","","Check the audit uses the same Gate0 production-bank path and explicitly cites which spread or scaling knob is being tested, rather than silently changing unrelated model behavior.","Verify the decision section keeps SPRINT-05 blocked unless a repaired calibration path has explicit evidence from the audit artifacts.","已完成","已完成","已完成","已提交","","docs/superpowers/specs/2026-07-02-aaai27-fallback-safe-kernel-sprint-design.md:98; model/text_side.py:403; model/text_side.py:511; scripts/build_agreement_null_curves.py:87; scripts/build_gate0_calibration_repair_audit.py:1; tests/test_build_gate0_calibration_repair_audit.py:1; scripts/sync_remote_recdemo_code.py:1; docs/reports/data/2026-07-02-gate0/gate0_failure_diagnostic.md:1; docs/reports/data/2026-07-02-gate0/gate0_calibration_repair_audit.md:1; docs/reports/data/2026-07-02-gate0/gate0_calibration_repair_audit.json:1; docs/reports/data/2026-07-02-gate0/gate0_calibration_repair_candidates.csv:1; docs/reports/data/2026-07-02-gate0/gate0_calibration_repair_audit_zh.md:1; docs/reports/data/2026-07-02-gate0/gate0_experiment_process_zh.md:1","source_doc:docs/superpowers/specs/2026-07-02-aaai27-fallback-safe-kernel-sprint-design.md; blocked_by:FOLLOWUP-01; picked_reason:primary-main-path-repair-after-diagnostic-named-null_curve_spread_or_scaling_mismatch; continue_from:FOLLOWUP-01; started_at:2026-07-03; evidence:& 'E:/anaco/python.exe' -m unittest tests.test_build_gate0_calibration_repair_audit tests.test_build_gate0_failure_diagnostic tests.test_sync_remote_recdemo_code => 12 tests OK; evidence:ssh -o ConnectTimeout=10 l20 ""hostname; date '+%F %T %z'; ls -lah /data/Zijian/goal/RecDemo/docs/reports/data/2026-07-02-gate0 | tail -n 8"" => ubuntu and remote Gate0 + repair audit artifacts visible with 2026-07-03 02:03 timestamps; evidence:docs/reports/data/2026-07-02-gate0/gate0_calibration_repair_audit.md => 96 candidates and 0 passes on the production-bank path; evidence:docs/reports/data/2026-07-02-gate0/gate0_calibration_repair_audit.json => recommended_next_path=downgrade_claim_or_design_deeper_repair and repair_limit=ordering_never_recovers_under_global_repairs; evidence:best_candidate=k4_scale2_floor0 lowers ML1M to 0.356886 but still leaves Steam=0.026823 and Beauty=0.199542 below ML1M; ops:remote-audit-first-ran-from-/tmp-after-/data-full-and-broken-0-byte-script-then-archived-back-to-/data/Zijian/goal/RecDemo-after-disk-cleanup; decision:sprint05-stays-blocked; skills_used:mission-csv-execute; done_at:2026-07-03; continue_now:FOLLOWUP-03"
"FOLLOWUP-03","P0","1","infra","Freeze post-audit main-path boundary against the original design","Compare the original 2026-06-24 text-side design and the 2026-07-02 fallback-safe sprint spec against the full Gate0 evidence chain, and freeze a dated decision memo stating how far the project has deviated, whether it can still return to the main path, and which next moves remain inside the approved design boundary.","WHEN the decision memo is finalized THEN it writes a dated Chinese report under docs/reports/data/2026-07-02-gate0 that explicitly answers what the original idea was, what Gate0 and FOLLOWUP-01/FOLLOWUP-02 actually showed, whether the current result matches the idea, and if not why; WHEN the main-path judgment is stated THEN the report must distinguish what still counts as in-design deeper repair versus what would be a real design departure; WHEN the conclusion is recorded THEN it keeps SPRINT-05 blocked unless a new Gate0-passing repair path is explicitly evidenced; ref: docs/superpowers/specs/2026-06-24-usdpd-text-side-kernel-design.md:25","MANUAL","verification-before-completion","","Check the memo cites the original design doc, the fallback-safe sprint spec, and the dated Gate0 artifacts rather than freehand recollection.","Verify the conclusion answers the user's core decision question directly: what the idea was, what the result is, whether it met expectation, and whether the project can still return to the main path without changing the scientific question.","已完成","已完成","已完成","已提交","","docs/superpowers/specs/2026-06-24-usdpd-text-side-kernel-design.md:25; docs/superpowers/specs/2026-06-24-usdpd-text-side-kernel-design.md:59; docs/superpowers/specs/2026-06-24-usdpd-text-side-kernel-design.md:684; docs/superpowers/specs/2026-07-02-aaai27-fallback-safe-kernel-sprint-design.md:7; docs/superpowers/specs/2026-07-02-aaai27-fallback-safe-kernel-sprint-design.md:80; docs/superpowers/specs/2026-07-02-aaai27-fallback-safe-kernel-sprint-design.md:98; docs/reports/data/2026-07-02-gate0/gate0_u_tilde_report.md:1; docs/reports/data/2026-07-02-gate0/gate0_failure_diagnostic.md:1; docs/reports/data/2026-07-02-gate0/gate0_calibration_repair_audit.md:1; docs/reports/data/2026-07-02-gate0/gate0_calibration_repair_audit_zh.md:1; docs/reports/data/2026-07-02-gate0/gate0_original_design_return_assessment_zh.md:1","source_doc:docs/superpowers/specs/2026-06-24-usdpd-text-side-kernel-design.md; blocked_by:FOLLOWUP-02; picked_reason:user-explicitly-asked-how-far-this-deviated-from-the-original-design-and-whether-the-main-path-can-still-be-restored-after-global-repair-failed; continue_from:FOLLOWUP-02; started_at:2026-07-03; evidence:docs/reports/data/2026-07-02-gate0/gate0_original_design_return_assessment_zh.md => direct-answer memo covers original idea, actual result, expectation mismatch, deviation degree, and allowed-vs-disallowed main-path moves; evidence:docs/reports/data/2026-07-02-gate0/gate0_calibration_repair_audit.md => simple global repair path closed with 96 candidates and 0 passes; evidence:docs/reports/data/2026-07-02-gate0/gate0_u_tilde_report.md => Gate0 fail remains the hard reopen blocker for SPRINT-05; validation_limited:docs-only decision memo so verification is manual artifact review rather than automated tests; decision:scientific-question-intact-but-strongest-claim-compressed; decision:return-to-main-path-only-via-deeper-repair-not-simple-global-repair; decision:sprint05-stays-blocked-without-new-gate0-pass; skills_used:mission-csv-execute; done_at:2026-07-03; continue_now:FOLLOWUP-04"
"FOLLOWUP-04","P0","1","backend","Design in-boundary deeper Gate0 repair options before any retrain reopen","Using the Gate0 failure chain and the newly frozen boundary memo, design the next repair options that still stay inside the original history-only fallback-safe question, and rank which one should be tried first before SPRINT-05 can ever reopen.","WHEN the design memo is finalized THEN it writes a dated Chinese report under docs/reports/data/2026-07-02-gate0 enumerating concrete deeper-than-global repair families that remain inside the approved boundary; WHEN the options are compared THEN the memo must rank them by closeness to the original design, expected ability to fix Gate0, implementation surface, and risk of turning into a different research question; WHEN the recommendation is recorded THEN it either selects one in-boundary repair as the next implementation target or explicitly recommends claim downgrade if no plausible in-boundary repair remains; ref: docs/reports/data/2026-07-02-gate0/gate0_original_design_return_assessment_zh.md:1","MANUAL","verification-before-completion","","Check every proposed repair keeps the history-only fallback-safe kernel boundary explicit and does not silently reopen retraining.","Verify the memo names at least one recommended next repair target or honestly concludes that downgrade is the only remaining boundary-consistent path.","已完成","已完成","已完成","已提交","","docs/reports/data/2026-07-02-gate0/gate0_original_design_return_assessment_zh.md:1; docs/reports/data/2026-07-02-gate0/gate0_calibration_repair_audit.md:1; docs/reports/data/2026-07-02-gate0/gate0_calibration_repair_audit_zh.md:1; docs/reports/data/2026-07-02-gate0/gate0_failure_diagnostic.md:1; docs/superpowers/specs/2026-07-02-aaai27-fallback-safe-kernel-sprint-design.md:62; docs/superpowers/specs/2026-07-02-aaai27-fallback-safe-kernel-sprint-design.md:80; docs/superpowers/specs/2026-06-24-usdpd-text-side-kernel-design.md:59; docs/reports/data/2026-07-02-gate0/gate0_deeper_repair_design_zh.md:1","source_doc:docs/reports/data/2026-07-02-gate0/gate0_original_design_return_assessment_zh.md; blocked_by:FOLLOWUP-03; picked_reason:the-user-wants-to-know-whether-the-main-path-can-still-be-restored-and-the-next-honest-step-is-to-design-boundary-consistent-deeper-repairs-after-simple-global-repair-failed; continue_from:FOLLOWUP-03; started_at:2026-07-03; evidence:docs/reports/data/2026-07-02-gate0/gate0_deeper_repair_design_zh.md => ranks four repair families, freezes boundary constraints, and recommends Family A first; evidence:docs/reports/data/2026-07-02-gate0/gate0_calibration_repair_audit.md => motivates why global repair is insufficient and why a local structure-aware repair is needed; validation_limited:docs-only design memo so verification is manual artifact review rather than automated tests; decision:family-a-local-robust-spread-repair-is-the-next-main-path-compatible-target; decision:direct-retraining-remains-off-boundary-before-a-new-gate0-pass; skills_used:mission-csv-execute; done_at:2026-07-03; continue_now:FOLLOWUP-05"
"FOLLOWUP-05","P0","1","infra","Run production-bank text-utility diagnostic for the Gate0 construct check","Supersedes the Family A spread repair per the 2026-07-03 analysis: the Gate0 failure is a construct error in the gate signal, not a spread-scaling error. Compute the frozen train-only text-utility statistic U_ds on l20 production banks for all four datasets per spec section 7.3.","WHEN the diagnostic runs on l20 THEN it computes U_ds per spec 7.3 (4000 sampled train transitions, seed 7, 100 popularity-sampled negatives as the primary statistic, uniform negatives and coherence-quartile breakdown as diagnostics) for ML1M, Steam, Beauty, ATG from production t5-xl banks and regenerated paper_raw_v1 train splits; WHEN the report is written THEN it archives a dated artifact under docs/reports/data/2026-07-02-gate0 recording bank hash and split hash per dataset; WHEN the numbers are in THEN the row records the Gate 0-v2 inputs without deciding pass or fail (decision belongs to FOLLOWUP-07); ref: docs/superpowers/specs/2026-07-02-aaai27-fallback-safe-kernel-sprint-design.md:182","MANUAL","verification-before-completion","","Check the estimator matches spec 7.3 exactly (sample size, seed, negative sampling law) and reads only train splits, never val or test.","Verify U_ds values are computed from production banks, not local legacy embeddings; verify popularity negatives use train next-item frequencies.","已完成","已完成","已完成","已提交","","docs/superpowers/specs/2026-07-02-aaai27-fallback-safe-kernel-sprint-design.md:182; docs/superpowers/specs/2026-07-02-aaai27-fallback-safe-kernel-sprint-design.md:163; tmp/check_text_utility_legacy.py:1; scripts/build_gate0_utilde_report.py:1","source_doc:docs/superpowers/specs/2026-07-02-aaai27-fallback-safe-kernel-sprint-design.md; blocked_by:FOLLOWUP-04; supersedes:family-a-spread-repair; superseded_reason:global-monotone-rescaling-cannot-fix-cross-dataset-ordering-and-ML1M-is-single-length-bin; decision_debt:legacy-precheck-numbers-must-be-reproduced-on-production-banks; deadline:2026-07-04; started_at:2026-07-03; picked_reason:user-approved-spec-amendment-switches-the-active-main-path-to-U_ds-construct-check; evidence:& 'E:/anaco/python.exe' -m unittest tests.test_build_gate0_text_utility_report tests.test_launch_gate0_tmux tests.test_launch_gate0_text_utility_tmux tests.test_launch_beauty_text_side_tmux tests.test_sync_remote_recdemo_code tests.test_build_gate0_utilde_report tests.test_build_gate0_failure_diagnostic => 25 tests OK; evidence:ssh l20 ls /data/Zijian/goal/RecDemo/docs/reports/data/2026-07-02-gate0/gate0_text_utility_* => remote artifacts written at 2026-07-03 13:58 +0800; evidence:summary U_ds ML1M=0.753539 Steam=0.569566 Beauty=0.712428 ATG=0.688262; evidence:criterion_inputs ml1m_rank=1 ml1m_phi=0.0 non_ml1m_phi_ge_0_5_count=1; evidence:docs/reports/data/2026-07-02-gate0/gate0_text_utility_report.json and gate0_text_utility_report_zh.md archived locally; decision:no-pass-fail-here-followup07-owns-verdict; skills_used:mission-csv-execute,verification-before-completion; done_at:2026-07-03; continue_now:FOLLOWUP-06"
"FOLLOWUP-06","P0","1","backend","Implement utility-gated g per spec amendment 7.2","Add the frozen dataset-level factor phi(U_ds) to the v2 gate so g = g_max * phi(U_ds) * clamp(u_tilde,0,1), loading U_ds from the FOLLOWUP-05 artifact; sync the paper gate equation. No learnable modules; phi parameters are frozen at (0.70, 0.10).","WHEN the v2 gate computes g THEN it multiplies the frozen phi(U_ds) dataset constant with the existing clamp(u_tilde,0,1) user factor and g_max, with U_ds loaded from a dated artifact recording bank hash; WHEN phi is evaluated THEN it equals clip((0.70-U)/0.10,0,1) with no tunable reparameterization; WHEN the g==0 equivalence suite reruns THEN it still passes unchanged since g=0 forcing is unaffected; WHEN paper/main.tex is synced THEN the method gate equation and calibration narrative match spec 7.2 and 7.5; ref: docs/superpowers/specs/2026-07-02-aaai27-fallback-safe-kernel-sprint-design.md:169","CONTRACT","test-driven-development","","Check phi enters multiplicatively only and the pseudo-item mass path is untouched.","Verify Prop 6 and the TV bound statements remain valid with the two-factor gate; verify u_shuffle ablation still permutes only the user factor.","已完成","已完成","已完成","已提交","","docs/superpowers/specs/2026-07-02-aaai27-fallback-safe-kernel-sprint-design.md:169; docs/superpowers/specs/2026-07-02-aaai27-fallback-safe-kernel-sprint-design.md:182; model/text_side.py:122; model/text_side.py:294; model/text_side.py:529; model/transformer.py:679; configs/config.yaml:86; paper/main.tex:131; paper/main.tex:248; tests/test_text_side_proposal.py:264; tests/test_text_side_proposal.py:449; tests/test_followup06_contract.py:8; tests/test_followup06_contract.py:21","source_doc:docs/superpowers/specs/2026-07-02-aaai27-fallback-safe-kernel-sprint-design.md; blocked_by:FOLLOWUP-05; frozen_params:phi-0.70-0.10; deadline:2026-07-05; started_at:2026-07-03; picked_reason:next-unblocked-row-after-freezing-production-U_ds-inputs; continue_from:FOLLOWUP-05; decision:utility-gate-loads-frozen-phi-from-followup05-report-with-bank-hash-validation; decision:text-anchor-only-remains-g-eq-gmax-under-v2-ablation-mapping; evidence:& 'E:/anaco/python.exe' -m unittest tests.test_text_side_proposal.TextSideProposalTests.test_text_anchor_only_ablation_still_forces_full_gate_under_dataset_scaling tests.test_followup06_contract.Followup06ContractTests.test_transformer_exposes_text_utility_report_override tests.test_followup06_contract.Followup06ContractTests.test_paper_syncs_utility_gated_gate_narrative => 3 tests OK; evidence:& 'E:/anaco/python.exe' -m unittest tests.test_text_side_proposal tests.test_proposal_wiring tests.test_followup06_contract tests.test_build_agreement_null_curves tests.test_build_g0_equivalence_report tests.test_build_g0_smoke_training_report tests.test_build_gate0_text_utility_report tests.test_launch_gate0_tmux tests.test_launch_gate0_text_utility_tmux tests.test_launch_beauty_text_side_tmux tests.test_sync_remote_recdemo_code tests.test_build_gate0_utilde_report tests.test_build_gate0_failure_diagnostic => 51 tests OK; skills_used:mission-csv-execute,test-driven-development,verification-before-completion; done_at:2026-07-03; continue_now:FOLLOWUP-07"
"FOLLOWUP-07","P0","1","infra","Evaluate Gate 0-v2 under the frozen criterion and decide reopen or downgrade","Apply the spec 7.4 frozen criterion to the production U_ds numbers: on pass reopen SPRINT-05 with the utility-gated g; on fail write the Family D claim-downgrade decision memo by 2026-07-07 with no third gate-repair round.","WHEN production U_ds values exist THEN the three spec 7.4 conditions are evaluated verbatim (ML1M is max; phi(U_ML1M) <= 0.2; phi >= 0.5 on at least two of Steam, Beauty, ATG); WHEN all three hold THEN SPRINT-05 blocked_by is cleared to launch with the two-factor gate and the verdict is archived under docs/reports/data/2026-07-02-gate0; WHEN any condition fails THEN a dated Family D downgrade memo is written by 2026-07-07 and no further gate repair is attempted; ref: docs/superpowers/specs/2026-07-02-aaai27-fallback-safe-kernel-sprint-design.md:186","MANUAL","verification-before-completion","","Check the criterion is applied exactly as frozen in spec 7.4 with no post-hoc threshold adjustment.","Verify the verdict artifact quotes the three conditions with their margins and the resulting SPRINT-05 decision.","已完成","已完成","已完成","已提交","","docs/superpowers/specs/2026-07-02-aaai27-fallback-safe-kernel-sprint-design.md:186; docs/reports/data/2026-07-02-gate0/gate0_text_utility_report.json:1; scripts/build_gate0_v2_frozen_verdict.py:1; tests/test_build_gate0_v2_frozen_verdict.py:1; docs/reports/data/2026-07-02-gate0/gate0_v2_frozen_verdict.json:1; docs/reports/data/2026-07-02-gate0/gate0_v2_frozen_verdict.md:1; docs/reports/data/2026-07-02-gate0/gate0_v2_family_d_downgrade_memo_zh.md:1; docs/reports/data/2026-07-02-gate0/gate0_experiment_process_zh.md:1","source_doc:docs/superpowers/specs/2026-07-02-aaai27-fallback-safe-kernel-sprint-design.md; gate:GATE-0-V2; blocked_by:FOLLOWUP-06; deadline:2026-07-05; started_at:2026-07-03; picked_reason:next-unblocked-row-after-followup06-commit-and-all-frozen-U_ds-inputs-already-exist; continue_from:FOLLOWUP-06; evidence:ssh -o ConnectTimeout=10 l20 ""hostname; date '+%F %T %z'; ls -lah /data/Zijian/goal/RecDemo/docs/reports/data/2026-07-02-gate0/gate0_text_utility_report.json"" => ubuntu and remote production artifact still present at 2026-07-03 14:38 +0800 with Jul 3 13:58 timestamp; evidence:& 'E:/anaco/python.exe' scripts/build_gate0_v2_frozen_verdict.py --output-dir E:/PreferGrow/docs/reports/data/2026-07-02-gate0 => condition1 pass margin=0.041111 condition2 pass margin=0.200000 condition3 fail margin=-1.000000; evidence:& 'E:/anaco/python.exe' -m unittest tests.test_build_gate0_v2_frozen_verdict => 2 tests OK; evidence:& 'E:/anaco/python.exe' -m unittest tests.test_text_side_proposal tests.test_proposal_wiring tests.test_followup06_contract tests.test_build_agreement_null_curves tests.test_build_g0_equivalence_report tests.test_build_g0_smoke_training_report tests.test_build_gate0_text_utility_report tests.test_build_gate0_v2_frozen_verdict tests.test_launch_gate0_tmux tests.test_launch_gate0_text_utility_tmux tests.test_launch_beauty_text_side_tmux tests.test_sync_remote_recdemo_code tests.test_build_gate0_utilde_report tests.test_build_gate0_failure_diagnostic => 53 tests OK; decision:gate0-v2-frozen-criterion-failed-on-condition3-only-steam-qualifies; decision:family-d-claim-downgrade-path-activated; decision:no-third-gate-repair-round-and-sprint05-stays-blocked; skills_used:mission-csv-execute,verification-before-completion,test-driven-development; done_at:2026-07-03; continue_now:SPRINT-05"
"FOLLOWUP-08","P0","2","infra","Freeze Family D baseline claim wording by 2026-07-07","Freeze the downgraded but honest paper claim per spec 8.1: fallback-safety theorems plus v1 mechanism chain plus the U_ds inverse-ordering analysis plus honest boundaries. This baseline is the committed floor; later evidence may only upgrade wording via a documented amendment.","WHEN the freeze memo is written THEN it fixes the abstract-level claim sentences, the forbidden-claim list (spec 4.6 inherited), and the U_ds-vs-v1-outcome inverse-ordering table as a headline analysis, archived dated under docs/reports/data; WHEN the SPRINT-05 validation results later arrive THEN wording changes are allowed only as an explicit documented upgrade per spec 8.2 rule 3, never silently; WHEN the deadline passes THEN the frozen wording is the operative paper baseline regardless of pending runs; ref: docs/superpowers/specs/2026-07-02-aaai27-fallback-safe-kernel-sprint-design.md:206","MANUAL","verification-before-completion","","Check the frozen wording claims nothing beyond archived artifacts as of the freeze date.","Verify the memo cites gate0_v2_frozen_verdict.md and the U_ds summary, and states the upgrade-only rule explicitly.","已完成","已完成","已完成","已提交","","docs/superpowers/specs/2026-07-02-aaai27-fallback-safe-kernel-sprint-design.md:206; docs/reports/data/2026-07-02-gate0/gate0_v2_frozen_verdict.md:1; docs/reports/data/2026-07-02-gate0/gate0_v2_family_d_downgrade_memo_zh.md:1","source_doc:docs/superpowers/specs/2026-07-02-aaai27-fallback-safe-kernel-sprint-design.md; gate:FAMILY-D-FREEZE; deadline:2026-07-07; done_at:2026-07-04; evidence:docs/reports/2026-07-04-family-d-claim-freeze-cn.md => frozen abstract-level claim + forbidden list + U_ds inversion headline table + upgrade-only rule citing gate0_v2_frozen_verdict and text-utility summary; owner_note:claude-supervision-path"
"FOLLOWUP-09","P0","2","infra","Run per-user utility-vs-harm analysis within datasets","Spec 8.3 reinforcement 1: compute per-user train-only text utility from production banks and correlate with per-user v1-vs-core performance deltas within ML1M (required) and at least one more dataset, using remote v1 artifacts or frozen v1 checkpoints for per-user evaluation.","WHEN the analysis runs THEN it produces within-dataset scatter or bucket tables of per-user text utility versus per-user v1-vs-core delta with thousands of users per dataset, archived dated under docs/reports/data; WHEN the relation is summarized THEN the report states whether the inverse utility-harm ordering holds at user level and with what rank statistic; WHEN per-user v1 eval dumps are unavailable THEN per-user evaluation is regenerated from frozen v1 best checkpoints instead of being skipped; ref: docs/superpowers/specs/2026-07-02-aaai27-fallback-safe-kernel-sprint-design.md:222","MANUAL","verification-before-completion","","Check utility uses train-split transitions only and the per-user deltas come from the frozen v1 checkpoint generation, not new tuning.","Verify the report distinguishes correlation strength per dataset and does not overstate a causal claim.","已完成","已完成","已完成","已提交","","docs/superpowers/specs/2026-07-02-aaai27-fallback-safe-kernel-sprint-design.md:222; scripts/build_per_user_utility_harm_report.py:1; tests/test_build_per_user_utility_harm_report.py:1; docs/reports/data/2026-07-04-followup09/per_user_utility_harm_summary.csv:1; docs/reports/data/2026-07-04-followup09/per_user_utility_harm_report.md:1; paper/main.tex:465; paper/main.tex:683","source_doc:docs/superpowers/specs/2026-07-02-aaai27-fallback-safe-kernel-sprint-design.md; purpose:mechanism-evidence-upgrade-user-level; deadline:2026-07-08; priority_upgraded:2026-07-04-per-spec-8.5-highest-leverage-for-flagship-evidence; picked_reason:spec-8.5-highest-leverage-next-row-after-followup12; started_at:2026-07-04; evidence:ssh-l20 followup09_utility_harm tmux run regenerated frozen-v1 vs core per-user readouts from best checkpoints on sampled train-user transitions; evidence:docs/reports/data/2026-07-04-followup09/per_user_utility_harm_summary.csv => ML1M n=4832 rho=0.027679 inverse=false, Steam n=31836 rho=0.045552 inverse=false; evidence:docs/reports/data/2026-07-04-followup09/per_user_utility_harm_report.md records weak non-causal within-dataset associations and monotone bucket summaries; evidence:paper/main.tex updated to record that user-level follow-up did not reproduce the cross-dataset inversion; evidence:& E:/anaco/python.exe -m unittest tests.test_build_per_user_utility_harm_report => 2 tests OK; done_at:2026-07-04; skills_used:mission-csv-execute|verification-before-completion; continue_now:FOLLOWUP-10"
"FOLLOWUP-10","P1","2","infra","Recompute U_ds and phi on corrupted Beauty banks","Spec 8.3 reinforcement 2: recompute the frozen U_ds estimator on the existing frozen token-dropout corrupted Beauty banks and report how phi responds to evidence degradation. Observation only; no frozen parameter may change based on this result.","WHEN the recomputation runs THEN it applies the spec 7.3 estimator unchanged to the frozen corrupted banks and archives U_ds and phi per corruption level alongside the clean values; WHEN the report is written THEN it states the direction of the phi response to corruption without adjusting any frozen parameter; ref: docs/superpowers/specs/2026-07-02-aaai27-fallback-safe-kernel-sprint-design.md:222","MANUAL","verification-before-completion","","Check the corrupted banks are the existing frozen artifacts with unchanged corruption seeds.","Verify the report explicitly labels this as observational evidence and cites the clean-bank U_ds artifact for comparison.","已完成","已完成","已完成","已提交","","docs/superpowers/specs/2026-07-02-aaai27-fallback-safe-kernel-sprint-design.md:222; scripts/build_corrupted_text_bank.py:1; scripts/build_corrupted_beauty_utility_report.py:1; tests/test_build_corrupted_beauty_utility_report.py:1; docs/reports/data/2026-07-04-followup10/beauty_corrupted_u_ds_phi_summary.csv:1; docs/reports/data/2026-07-04-followup10/beauty_corrupted_u_ds_phi_report.md:1; paper/main.tex:479","source_doc:docs/superpowers/specs/2026-07-02-aaai27-fallback-safe-kernel-sprint-design.md; purpose:gate-response-to-degradation; observation_only:true; deadline:2026-07-08; attempted:codex-dispatch-2026-07-04-failed-401-invalid-token; picked_reason:next-highest-unblocked-row-after-followup09-user-level-readout-landed; started_at:2026-07-04; evidence:ssh-l20 tmux followup10_beauty_u_ds_phi reused existing frozen /data/Zijian/goal/RecDemoRuns/beauty_corruptions banks with /data/Zijian/goal/PreferGrow/.venv/bin/python and exited 0; evidence:docs/reports/data/2026-07-04-followup10/beauty_corrupted_u_ds_phi_summary.csv => clean U_ds=0.7124275 phi=0.0; canonical corrupted ladder phi stayed 0 at every evaluated level; U_ds moved from 0.71326375 at 30pct dropout to 0.70442125 at 50pct dropout; evidence:docs/reports/data/2026-07-04-followup10/beauty_corrupted_u_ds_phi_report.md explicitly labels the result observational and cites gate0_text_utility_summary.csv; evidence:paper/main.tex updated to replace the FOLLOWUP-10 pending note with the no-gate-opening corrupted-bank readout; evidence:& $env:KMP_DUPLICATE_LIB_OK='TRUE'; E:/anaco/python.exe -m unittest tests.test_build_corrupted_beauty_utility_report tests.test_build_gate0_text_utility_report => 5 tests OK; done_at:2026-07-04; skills_used:mission-csv-execute|verification-before-completion; continue_now:SPRINT-05"
"FOLLOWUP-11","P0","2","infra","Compute U_ds(ASO) as reconnect step zero per spec 8.4","First action after l20 connectivity returns and before any other launch: apply the frozen spec-7.3 estimator to the ASO production bank and regenerated split. The spec-8.4 decision rule is frozen and must be applied verbatim.","WHEN l20 is reachable THEN U_ds(ASO) is computed with the frozen estimator (4000 train transitions, seed 7, 100 popularity-sampled negatives) and archived under docs/reports/data/2026-07-02-gate0 with bank and split hashes; WHEN the value is in THEN the row records phi(U_ds(ASO)), the applicable spec-8.4 prediction tier, and the run-or-no-run decision per rule 2 with no threshold adjustment; WHEN the decision is recorded THEN FOLLOWUP-12 is unblocked; ref: docs/superpowers/specs/2026-07-02-aaai27-fallback-safe-kernel-sprint-design.md:227","MANUAL","verification-before-completion","","Check the estimator parameters match spec 7.3 exactly and only the train split is read.","Verify the recorded decision quotes spec 8.4 rules verbatim and the artifact carries bank and split hashes.","已完成","已完成","已完成","已提交","","docs/superpowers/specs/2026-07-02-aaai27-fallback-safe-kernel-sprint-design.md:227; docs/superpowers/specs/2026-07-02-aaai27-fallback-safe-kernel-sprint-design.md:182; scripts/prepare_aso_atg_and_build.sh:1","source_doc:docs/superpowers/specs/2026-07-02-aaai27-fallback-safe-kernel-sprint-design.md; gate:ASO-STEP-0; preregistered:spec-8.4-frozen-before-value; deadline:on-reconnect; picked_reason:spec-8.5-step0-first-action-after-reconnect-and-prerequisite-for-followup12; evidence:ssh-l20-2026-07-04-14-13-56-visible-aso-step0-artifacts; evidence:remote-current-bank-split-hash-match-artifact-c94f6f8e-32f1025e; evidence:remote-python3-regeneration-matched-archived-utility-and-step0-report-exactly; evidence:local-and-remote-aso-step0-artifacts-sha256-identical-for-json-and-md; evidence:& E:/anaco/python.exe -m unittest tests.test_build_aso_step0_report tests.test_build_gate0_text_utility_report => 4 tests OK; done_at:2026-07-04; skills_used:mission-csv-execute|powershell-windows|verification-before-completion; continue_now:FOLLOWUP-12"
"FOLLOWUP-12","P1","2","infra","Run conditional ASO validation per spec 8.4 rule 2","Pure out-of-sample test: the spec-8.4 prediction for ASO was frozen before its U_ds existed and ASO has no first-generation result. Launch only if the gate opens.","WHEN phi(U_ds(ASO)) > 0 THEN launch the ASO frozen-gate validation run with the same manifest and best-checkpoint storage discipline as SPRINT-05 and evaluate against the spec-8.4 tiered prediction; WHEN phi == 0 THEN record ASO as the fifth inversion-table statistic only and close this row as no-run per the frozen rule; WHEN any outcome lands THEN the paper inversion section gains the out-of-sample result per Gate-2 upgrade discipline; ref: docs/superpowers/specs/2026-07-02-aaai27-fallback-safe-kernel-sprint-design.md:227","MANUAL","verification-before-completion","","Check the launch (if any) uses the frozen gate with zero parameter changes and the regenerated ASO split.","Verify the outcome is reported against the pre-registered tier, hit or miss, with no post-hoc reframing.","已完成","已完成","已完成","已提交","","docs/superpowers/specs/2026-07-02-aaai27-fallback-safe-kernel-sprint-design.md:227; scripts/run_text_side_main_table_tmux.sh:1; scripts/build_aso_validation_report.py:1; tests/test_build_aso_validation_report.py:1; docs/reports/data/2026-07-02-gate0/aso_validation_report.md:1; paper/main.tex:473","source_doc:docs/superpowers/specs/2026-07-02-aaai27-fallback-safe-kernel-sprint-design.md; blocked_by:FOLLOWUP-11; out_of_sample:true; deadline:2026-07-10; picked_reason:FOLLOWUP-11-verified-and-spec-8.4-rule2-requires-launch-when-phi-gt-0; started_at:2026-07-04; evidence:ssh-l20-run_text_side_main_table_tmux-sh-launched-session-aso_validation_gpu0-on-gpu0; evidence:manifest=/data/Zijian/goal/RecDemoRuns/main_table_text_side/aso_proposal_adaptive_mainpath/checkpoints-meta/ASO/frozen_run_manifest.json phi=1.0 write_snapshot_checkpoint=false write_best_checkpoint=true; evidence:tmux-pane-reached-step-2000-and-test-phase-on-2026-07-04-14-23; evidence:ssh-l20-best-summary-proposal-adaptive-landed-and-early-stop-finished-at-best_step3000; evidence:docs/reports/data/2026-07-02-gate0/aso_validation_report.md => prediction_outcome=MISS delta_test_p2_ndcg10=-0.01082634404768723 with no-post-hoc-reframing; evidence:paper/main.tex gained the ASO pure out-of-sample miss note in the inversion section; evidence:& E:/anaco/python.exe scripts/build_aso_validation_report.py => wrote aso_validation_report.json and aso_validation_report.md; evidence:& E:/anaco/python.exe -m unittest tests.test_build_aso_validation_report tests.test_build_aso_step0_report tests.test_build_gate0_text_utility_report => 6 tests OK; decision:aso-frozen-out-of-sample-positive-tier-prediction-missed; done_at:2026-07-04; skills_used:mission-csv-execute|powershell-windows|verification-before-completion; continue_now:FOLLOWUP-09"
"FOLLOWUP-13","P1","3","infra","Run one external baseline across the four datasets","Close the no-external-baseline gap from the accept assessment: run at least one of DiffuRec or RecFormer (choose by fastest credible integration with the regenerated splits) on Steam, ML1M, Beauty, ATG under the shared selector, producing a baseline-vs-host-vs-ours table.","WHEN the baseline is chosen THEN the row records the choice rationale (integration cost and comparability); WHEN runs complete THEN a table with HR@10 and NDCG@10 under shared regenerated splits and the shared selector is archived under docs/reports/data; WHEN the paper setup placeholder is filled THEN comparability wording covers only what shares the protocol; ref: docs/superpowers/specs/2026-07-02-aaai27-fallback-safe-kernel-sprint-design.md:236","MANUAL","verification-before-completion","","Check the baseline consumes the same regenerated splits and frozen banks where applicable, not its own preprocessing.","Verify no baseline number is copied from another paper - all four datasets are run under this protocol.","未开始","未开始","未开始","未提交","","docs/superpowers/specs/2026-07-02-aaai27-fallback-safe-kernel-sprint-design.md:236; docs/reports/data/2026-07-01-text-side-vs-core-main-table-remote-v77.csv:1","source_doc:docs/superpowers/specs/2026-07-02-aaai27-fallback-safe-kernel-sprint-design.md; gap:no-external-baseline; deadline:2026-07-16; droppable:only-if-timeline-collapses"
"SPRINT-05","P0","2","infra","Run frozen-gate validation retrains on four datasets","Purpose redefined per spec 8.2 with explicit user authorization on 2026-07-04: run text-side v2 on Steam, ML1M, Beauty, ATG under the frozen two-factor gate with zero parameter changes, as an end-to-end validation of fallback safety (not a gate repair). Family D baseline freeze (FOLLOWUP-08) proceeds in parallel and results may only upgrade wording.","WHEN the four runs launch THEN they use the frozen phi(0.70,0.10), archived U_ds artifacts (hash-matched), and unchanged g_max/k/tau0, with run manifests recording config, seed, bank hash, null-curve hash, and U_ds artifact hash, and each run keeps only the best checkpoint artifact (`write_best_checkpoint=True`, `write_snapshot_checkpoint=False`) to stay within the storage budget; WHEN each run completes THEN compare-vs-core CSVs are generated and evaluated against the spec 8.2 pre-registered predictions (ML1M and Beauty abs delta_test_p2_ndcg10 < 0.01; ATG abs delta < 0.01; Steam delta > 0 with reference magnitude >= +0.003); WHEN any prediction fails THEN the outcome is recorded per spec 8.2 rule 3 (ML1M or Beauty parity failure is an implementation red flag) instead of being reframed; ref: docs/superpowers/specs/2026-07-02-aaai27-fallback-safe-kernel-sprint-design.md:210","MANUAL","verification-before-completion","","Check all four runs use regenerated raw-data splits and frozen banks per the raw-data-first protocol and that no gate parameter differs from the archived frozen artifacts.","Verify the selector is val p5 ndcg10 consistent with frozen baseline comparisons; verify core baselines reused are the frozen 2026-07-01 artifacts; verify the readout explicitly maps each dataset to its spec 8.2 prediction.","进行中","进行中","未开始","未提交","","docs/superpowers/specs/2026-07-02-aaai27-fallback-safe-kernel-sprint-design.md:210; scripts/run_text_side_main_table_tmux.sh:1; scripts/summarize_text_side_main_table_runs.py:1; scripts/compare_text_side_main_table_to_core.py:1; docs/reports/data/2026-07-02-gate0/gate0_v2_frozen_verdict.md:1","source_doc:docs/superpowers/specs/2026-07-02-aaai27-fallback-safe-kernel-sprint-design.md; gate_config:two-factor-g-per-spec-7.2; storage_policy:best-checkpoint-only; status_reset:2026-07-04-spec-8.2-authorized-validation-run-reopened-main-table-launch-path; authorized_by:user-2026-07-04-spec-8.2-validation-purpose-zero-parameter-changes; purpose:frozen-gate-end-to-end-validation-not-gate-repair; note:preexisting-remote-main-table-artifacts-do-not-satisfy-this-row-because-kernel-version-selector-and-storage-discipline-must-be-revalidated; deadline:2026-07-06; picked_reason:highest-priority-unclosed-row-after-followup10-real-l20-closeout; started_at:2026-07-04; evidence:ssh-l20 accidental-default-launch-created textside_main_table_gpu0 and started a fresh Beauty v2 validation run because Beauty had no existing summary to skip; evidence:ssh-l20 controlled-launch created sprint05_backfill_gpu1 with FORCE=1 SKIP_EXISTING=0 DATASETS_CSV=ML1M,ATG,Steam on gpu1; evidence:tmux textside_main_table_gpu0 pane reached BEAUTY EARLY_STOP_MONITOR step=11000 metric=ndcg10 strength=p5 value=0.020327 with NEW_BEST at 2026-07-04 16:28 CST; evidence:tmux sprint05_backfill_gpu1 pane reached ML1M training loop step0 after manifest write; evidence:remote Beauty and ML1M frozen_run_manifest.json files exist with kernel_version=v2 g_max=0.5 agreement_k=2.0 write_snapshot_checkpoint=false write_best_checkpoint=true and u_ds_artifact_path=/data/Zijian/goal/RecDemo/docs/reports/data/2026-07-02-gate0/gate0_text_utility_report.json; local_bundle:official-status-readout-hardened-plus-runtime-dataset-contract; evidence:python -m unittest tests.test_build_agreement_null_curves tests.test_summarize_text_side_main_table_runs tests.test_compare_text_side_main_table_to_core tests.test_build_aso_step0_report tests.test_build_aso_validation_report tests.test_runtime_dataset_contract => 19 tests OK; evidence:git push origin main advanced remote main to 2d00482; evidence:clean execution root prepared at /data/Zijian/goal/RecDemo_clean_main on head 2d00482; evidence:remote tmux sprint05_official_orchestrator started and waits for provisional ML1M to finish before official wave1 Beauty+ML1M then wave2 Steam+ATG; evidence:official-mode smoke status marks Steam and ATG invalid_stale while Beauty completed and ML1M running; evidence:live provisional ML1M status at 2026-07-04 ~18:20 CST => best_step=41000 last_logged_step=42000 early_stop_wait_counter=1/5 delta_test_p2_ndcg10=-0.066052594581562; prep:run_text_side_main_table_tmux-now-supports-text-ablation-mode-and-manifest-ablation-mode-for-sprint06-07; evidence:python -m unittest tests.test_run_text_side_main_table_tmux tests.test_launch_beauty_text_side_tmux tests.test_runtime_dataset_contract tests.test_summarize_text_side_main_table_runs tests.test_compare_text_side_main_table_to_core => 19 tests OK; evidence:python -m unittest tests.test_run_text_side_main_table_tmux tests.test_launch_beauty_text_side_tmux tests.test_build_aso_validation_report tests.test_repo_repro_contract => 14 tests OK; evidence:live provisional ML1M status at 2026-07-04 18:58 CST => best_step=56000 last_logged_step=57000 early_stop_wait_counter=1/5 delta_test_p2_ndcg10=-0.060438139826007; evidence:remote-clean-root-head-still-66bec8f-and-ablation-ready-launcher-lines-confirmed-on-l20; evidence:remote-orchestrator-script-verified-wait_for_provisional_ml1m-kills-sprint05_backfill_gpu1-on-FINISH-dataset=ML1M-then-launches-official-Beauty-ML1M-wave1-and-Steam-ATG-wave2; evidence:official-mode-smoke-status-at-2026-07-04-19-21-CST=>Beauty-completed-ML1M-running@66000-Steam-ATG-invalid_stale; evidence:live-provisional-compare-at-2026-07-04-19-24-CST=>ML1M-delta_test_p2_ndcg10=-0.055991445300804-still-miss-but-improving-vs-18-58; evidence:remote-tmux-sprint05_watchdog-started-at-2026-07-04-19-34-CST-to-auto-snapshot-wave1_started-and-orchestrator_done; prep:official-mode-now-hardens-manifest-provenance-via-provenance.repo_root-so-dirty-root-accidental-runs-and-pre-patch-manifests-read-invalid_stale-on-clean-root; evidence:python -m unittest tests.test_summarize_text_side_main_table_runs => 9 tests OK; evidence:python -m unittest tests.test_run_text_side_main_table_tmux tests.test_summarize_text_side_main_table_runs => 11 tests OK; evidence:python -m unittest tests.test_launch_beauty_text_side_tmux tests.test_runtime_dataset_contract tests.test_compare_text_side_main_table_to_core tests.test_build_aso_validation_report tests.test_repo_repro_contract => 18 tests OK; evidence:git-commit-0202efe-pushed-origin-main-and-clean-root-bundle-synced-to-0202efe-at-2026-07-05-08-12-CST; evidence:official-mode-status-after-clean-root-sync-at-2026-07-05-08-12-CST=>all-four-datasets-invalid_stale-and-no-dirty-root-run-counts-as-official; evidence:live-provisional-compare-at-2026-07-05-08-18-CST=>ML1M-best_step355000-delta_test_p2_ndcg10=-0.016867977188871-still-miss-but-continues-improving; continue_now:SPRINT-05-official-rerun-monitoring"
"SPRINT-06","P0","2","infra","Evaluate Gate 1 on ML1M v2 and decide iteration","Read out the ML1M v2 run against the Gate 1 threshold and either clear the path or run the single allowed diagnostic iteration.","WHEN the ML1M v2 selected checkpoint is compared to core THEN Gate 1 passes if delta_test_p2_ndcg10 > -0.01; WHEN the delta is <= -0.03 THEN exactly one documented diagnostic iteration is planned and executed; WHEN the iteration also fails by 2026-07-14 THEN the CSV records downgrade to the frozen-claim writing path instead of further method changes; ref: docs/superpowers/specs/2026-07-02-aaai27-fallback-safe-kernel-sprint-design.md:94","MANUAL","verification-before-completion","","Check the readout uses the same selector and compare tooling as the frozen baseline.","Verify the decision report states which Gate 2 exit (strong, medium, weak) remains reachable after the readout.","未开始","未开始","未开始","未提交","","docs/superpowers/specs/2026-07-02-aaai27-fallback-safe-kernel-sprint-design.md:94","source_doc:docs/superpowers/specs/2026-07-02-aaai27-fallback-safe-kernel-sprint-design.md; gate:GATE-1; deadline:2026-07-09"
"SPRINT-07","P1","3","infra","Run v2 control arms on Beauty and Steam","Run u_shuffle, text_anchor_only, and global_p control arms under the v2 kernel on Beauty and Steam and assemble the control comparison table.","WHEN control arms complete THEN a control table reports val p5 and test base p2 p5 p10 per arm alongside v2 full; WHEN u_shuffle is compared to v2 full THEN the table states explicitly whether shuffling degrades ranking; WHEN global_p is compared to core THEN it serves as the in-training core-equivalence check; ref: docs/superpowers/specs/2026-07-02-aaai27-fallback-safe-kernel-sprint-design.md:86","MANUAL","verification-before-completion","","Check all arms share identical splits, banks, and selector with the v2 main runs.","Verify conclusions in the report do not overstate beyond the table and both datasets are covered.","未开始","未开始","未开始","未提交","","docs/superpowers/specs/2026-07-02-aaai27-fallback-safe-kernel-sprint-design.md:86; model/text_side.py:15","source_doc:docs/superpowers/specs/2026-07-02-aaai27-fallback-safe-kernel-sprint-design.md; deadline:2026-07-14"
"SPRINT-08","P1","3","infra","Rerun Beauty token-dropout corruption chain under v2","Rerun the standard token_dropout corruption evidence chain under the v2 kernel reusing existing corrupted banks, and adapt backoff diagnostics to v2 quantities g and u_tilde in place of v1 temperature and pseudo-mass readouts.","WHEN corrupted-bank runs complete for v2 full and text_anchor_only and u_shuffle THEN clean-vs-corrupted degradation deltas are tabulated per arm; WHEN backoff diagnostics run THEN they report clean-vs-corrupted shifts of g and u_tilde bucketed by clean u_tilde; WHEN diagnostics scripts are adapted THEN v1 report compatibility is not silently broken; ref: docs/superpowers/specs/2026-07-02-aaai27-fallback-safe-kernel-sprint-design.md:86","MANUAL","verification-before-completion","","Check corrupted banks are the existing frozen artifacts and are not regenerated with different corruption seeds.","Verify the backoff table supports or refutes the adaptive fallback claim and the outcome is recorded either way.","未开始","未开始","未开始","未提交","","docs/superpowers/specs/2026-07-02-aaai27-fallback-safe-kernel-sprint-design.md:86; scripts/build_corrupted_text_bank.py:1; scripts/analyze_text_side_diagnostics.py:1","source_doc:docs/superpowers/specs/2026-07-02-aaai27-fallback-safe-kernel-sprint-design.md; reuse:corrupted_banks; deadline:2026-07-16"
"SPRINT-09","P2","4","infra","Run u-composition ablation arms on Beauty","Compare calibrated-agreement-only (v2 main) against +completeness, +history-reliability, and legacy full_u arms on Beauty.","WHEN the four arms complete THEN a composition table reports selected-checkpoint val and test metrics per arm; WHEN legacy full_u runs THEN it uses the preserved v1 path unchanged; ref: docs/superpowers/specs/2026-07-02-aaai27-fallback-safe-kernel-sprint-design.md:59","MANUAL","verification-before-completion","","Check arms differ only in the u composition and share all other config.","Verify the table is usable as the paper u-composition ablation without re-deriving numbers.","未开始","未开始","未开始","未提交","","docs/superpowers/specs/2026-07-02-aaai27-fallback-safe-kernel-sprint-design.md:59; scripts/run_beauty_u_component_ablation_batch.sh:1","source_doc:docs/superpowers/specs/2026-07-02-aaai27-fallback-safe-kernel-sprint-design.md; droppable:if-time-runs-out; deadline:2026-07-18"
"SPRINT-10","P2","4","infra","Run 3-way injection comparison under v2","Run encoder and loss injection modes against kernel injection on Beauty and Steam under v2 to feed the regime-analysis section. The paper claims safety-uniqueness of kernel injection, not global dominance.","WHEN the three injection modes complete on both datasets THEN a 3-way table with the shared selector is produced; WHEN results are written into the paper THEN wording follows spec section 4.4 with kernel as the only injection site expressing the reduction guarantee; ref: docs/superpowers/specs/2026-07-02-aaai27-fallback-safe-kernel-sprint-design.md:123","MANUAL","verification-before-completion","","Check encoder and loss modes reuse the anchor proposal semantics defined in model/text_side.py injection modes.","Verify the paper section does not claim kernel is consistently best when the table does not support it.","未开始","未开始","未开始","未提交","","docs/superpowers/specs/2026-07-02-aaai27-fallback-safe-kernel-sprint-design.md:123; model/text_side.py:16; tests/test_text_side_injection_modes.py:1","source_doc:docs/superpowers/specs/2026-07-02-aaai27-fallback-safe-kernel-sprint-design.md; droppable:if-time-runs-out; deadline:2026-07-18"
"SPRINT-11","P2","4","infra","Run 3-seed stability study for the v2 main table","Add two extra seeds per dataset for the v2 main-table runs and report mean and std of deltas vs core.","WHEN seed runs complete THEN per-dataset mean and std of delta val and test p2 ndcg10 are tabulated; WHEN any sign flips across seeds THEN the paper table flags it explicitly; ref: docs/superpowers/specs/2026-07-02-aaai27-fallback-safe-kernel-sprint-design.md:86","MANUAL","verification-before-completion","","Check seed runs reuse identical configs except the seed.","Verify the paper main table cites mean and std sourced from this study.","未开始","未开始","未开始","未提交","","docs/superpowers/specs/2026-07-02-aaai27-fallback-safe-kernel-sprint-design.md:86; scripts/beauty_40_seed_stability.sh:1","source_doc:docs/superpowers/specs/2026-07-02-aaai27-fallback-safe-kernel-sprint-design.md; droppable:if-time-runs-out; deadline:2026-07-18"
"SPRINT-12","P1","5","infra","Freeze Gate 2 claim strength decision","Assemble the v2 main table plus controls, choose the strong or medium or weak exit per spec, and freeze final claim wording for the paper.","WHEN all P0 and P1 artifacts are in THEN a dated Gate 2 report selects exactly one exit (strong: fallback-safe plus positive anchors; medium: safety-without-loss; weak: frozen-claim fallback) with the evidence table inline; WHEN the exit is chosen THEN the paper claim sentences are frozen and stronger claims are forbidden in later edits; ref: docs/superpowers/specs/2026-07-02-aaai27-fallback-safe-kernel-sprint-design.md:94","MANUAL","verification-before-completion","","Check the decision uses only dated artifacts under docs/reports/data.","Verify the frozen wording is consistent with spec sections 4.2 and 4.6 and the chosen exit.","未开始","未开始","未开始","未提交","","docs/superpowers/specs/2026-07-02-aaai27-fallback-safe-kernel-sprint-design.md:94; docs/superpowers/specs/2026-07-02-aaai27-fallback-safe-kernel-sprint-design.md:112","source_doc:docs/superpowers/specs/2026-07-02-aaai27-fallback-safe-kernel-sprint-design.md; gate:GATE-2; deadline:2026-07-14"
"SPRINT-13","P1","5","infra","Fill paper placeholders from v2 artifacts","Regenerate paper figures and tables from v2 artifacts and replace every placeholder in paper/main.tex. Numbers may come only from real run artifacts.","WHEN figures regenerate THEN the null-calibration figure, main table, backoff mechanism figure, and calibration buckets are produced from dated artifacts; WHEN placeholders are replaced THEN no pending macro instances remain and every number cites a docs/reports/data artifact in a tex comment; WHEN the Gate 2 exit is medium or weak THEN abstract and contribution wording are downgraded per the frozen decision; ref: docs/superpowers/specs/2026-07-02-aaai27-fallback-safe-kernel-sprint-design.md:127","MANUAL","verification-before-completion","","Check no placeholder is filled from memory or extrapolation instead of an artifact.","Verify the compiled PDF has no pending markers and respects the spec 4.6 forbidden-claim list.","未开始","未开始","未开始","未提交","","docs/superpowers/specs/2026-07-02-aaai27-fallback-safe-kernel-sprint-design.md:127; paper/main.tex:1; scripts/generate_main_path_paper_figures.py:1","source_doc:docs/superpowers/specs/2026-07-02-aaai27-fallback-safe-kernel-sprint-design.md; deadline:2026-07-21-abstract-2026-07-28-full"
"REVIEW-01","P0","6","review","Review documented vision against delivered work","Use a same-model sub-agent review to compare approved-doc claims with delivered behavior, evidence level, CSV state, validation evidence, and review log.","WHEN all non-review issues before this row are closed THEN run same-model sub-agent review against source-specific claim and evidence checks; WHEN gaps or overstated claims are found THEN append follow-up issues and REVIEW-02; WHEN no gaps remain THEN close the CSV.","MANUAL","superpowers:requesting-code-review","","Verify all prior non-review rows are closed before running this review.","Run same-model sub-agent review against approved doc goals, non-goals, acceptance criteria, delivered diff, validation evidence, prior review logs, and these source-specific checks: (1) g==0 equivalence evidence is a real numeric comparison against the core code path, not mocked; (2) Gate 0, Gate 1, Gate 2 verdicts cite real dated artifacts and the recorded claim strength matches the Gate 2 exit; (3) fallback-safe and Prop 6 claims appear only if the pseudo-mass-frozen v2 implementation is verified in code; (4) the paper contains no remaining placeholders and respects the spec section 4.6 forbidden-claim list.","未开始","未开始","未开始","未提交","","docs/superpowers/specs/2026-07-02-aaai27-fallback-safe-kernel-sprint-design.md:1","review_kind:vision; review_agent:same-model-sub-agent; source_doc:docs/superpowers/specs/2026-07-02-aaai27-fallback-safe-kernel-sprint-design.md"
